,상품명,가격,유형
0,CJ)구이한판그릴스모크60G,3300,1+1
1,녹차녹차돌자반55G,3300,1+1
2,파래파래돌자반55G,3300,1+1
3,바사삭단대추40G,3500,1+1
4,네슬레)킷캣팝스1500,1500,1+1
5,조지아)고티카빈티지라떼270ML,2200,1+1
6,조지아)고티카빈티지블랙270ML,2200,1+1
7,조지아)고티카스위트아메270ML,2200,1+1
8,노가리먹태1입,5500,1+1
9,NEW한끼불고기달콤(150G/수입),5500,1+1
10,NEW한끼불고기매콤(150G/수입),5500,1+1
11,캐나다한끼스테이크150G(냉동),9900,1+1
12,NEW)한끼스테이크(부채)150G,11900,1+1
13,NEW)한끼스테이크(채끝)150G,11900,1+1
14,용두동)쭈꾸미오징어(150G/냉동),8900,1+1
15,하림)THE미식오곡밥180G,2800,1+1
16,하림)THE미식찰현미쌀밥180G,2800,1+1
17,하림)THE미식백미밥210G,2300,1+1
18,하림)THE미식큰백미밥300G,3200,1+1
19,빙그레)요플레토핑다크초코,2000,1+1
20,빙그레)요플레토핑쿠앤크,2000,1+1
21,FIJI바이럭스프레쉬2L리필,17800,1+1
22,AURA리필1.7L스모키머스크,11800,1+1
23,AURA리필1.7L윌유메리미,11800,1+1
24,테크베이킹구연산액체2L(드럼),11800,1+1
25,테크베이킹구연산액체2L(일반),11800,1+1
26,롯데)제주말차라떼240ML,2200,1+1
27,클린앤힐)KF94방역마스크1입,1500,1+1
28,홈케어)일회용마스크5매(백색),6500,1+1
29,드림아이포에버80ML,3000,1+1
30,NEW드림아이2(습윤액)13ML,4500,1+1
31,웰메이드)일회용마스크5매(백색),6500,1+1
32,웰메이드)일회용마스크5매(블랙),6500,1+1
33,COZY)덴탈형KF94마스크5입(백색),6000,1+1
34,GS)XXXL웨이퍼코코아65G,1400,1+1
35,GS)XXXL웨이퍼화이트65G,1400,1+1
36,네모난물)시그니처물티슈70매,3900,1+1
37,대림)꼬꼬봉50G,1800,1+1
38,동아)나랑드사이다그린애플500,2000,1+1
39,동아)나랑드사이다파인애플500,2000,1+1
40,CJ)한뿌리홍삼대보100ML,5000,1+1
41,애디드)콤부차스윗망고340ML,3500,1+1
42,쟈뎅)청보리차500ML,2000,1+1
43,유어스)슈퍼히어로드링크120ML,900,1+1
44,천지개벽)숙취해소음료100ML,5000,1+1
45,동아)모닝케어D100ML,5000,1+1
46,동아)모닝케어H100ML,5000,1+1
47,HK)헛개수EX500ML,3000,1+1
48,흥선)간개무량150ML,5000,1+1
49,한독)레디큐프로120ML,6000,1+1
50,한독)레디큐120ML,5000,1+1
51,종근당)산에는삼100ML,3000,1+1
52,종근당)자황력액100ML,5000,1+1
53,종근당)헛개땡큐골드100ML,5000,1+1
54,광동)더진한헛개차골드라벨500ML,3000,1+1
55,종근당)프로틴이온워터330ML,2900,1+1
56,종근당)락토조이제로워터350ML,2000,1+1
57,유어스)덴마크드링킹딸기500ML,2300,1+1
58,유어스)덴마크드링킹복숭아500ML,2300,1+1
59,테이크얼라이브망고500,2500,1+1
60,테이크얼라이브블러드오렌지500,2500,1+1
61,테이크얼라이브샤인머스캣500,2500,1+1
62,테이크얼라이브자몽500,2500,1+1
63,조지아)크래프트블랙470ML,2500,1+1
64,조지아)크래프트스위트블랙470ML,2500,1+1
65,조지아)크래프트카페라떼470ML,2500,1+1
66,해태)갈배사이다PET500ML,2100,1+1
67,코카)탄산레몬에이드500ML,1800,1+1
68,코카)씨그램라임탄산수350ML,1500,1+1
69,코카)씨그램레몬탄산수350ML,1500,1+1
70,코카)씨그램피치탄산수350ML,1500,1+1
71,코카)닥터페퍼500ML,2100,1+1
72,코카)스프라이트PET1.5L,3200,1+1
73,롯데)더하다보리차500ML,2000,1+1
74,롯데)더하다옥수수수염차500ML,2000,1+1
75,롯데)레쓰비그란데라떼500ML,2000,1+1
76,롯데)레쓰비그란데헤이즐넛500ML,2000,1+1
77,롯데)칠성사이다플러스500ML,2500,1+1
78,롯데)칠성사이다제로캔355ML,1900,1+1
79,롯데)칠성사이다포도캔355ML,1900,1+1
80,오뚜기)발아흑미밥210G,2700,1+1
81,오뚜기)오곡밥210G,2700,1+1
82,오뚜기)김치참치덮밥(컵밥),4800,1+1
83,오뚜기)매콤낙지덮밥(컵밥),4800,1+1
84,오뚜기)쇠고기미역국밥(컵밥),4800,1+1
85,오뚜기)제육덮밥(컵밥),4800,1+1
86,오뚜기)차돌강된장보리밥(컵밥),4800,1+1
87,오뚜기)참치마요덮밥(컵밥),4800,1+1
88,오뚜기)톡톡김치알밥(컵밥),4800,1+1
89,오뚜기)대구식쇠고기육개장500G,7800,1+1
90,오뚜기)마포식차돌된장찌개500G,7800,1+1
91,오뚜기)양평식선지해장국500G,7800,1+1
92,오뚜기)단호박죽285G,4500,1+1
93,오뚜기)쇠고기죽285G,4500,1+1
94,오뚜기)영양닭죽285G,4500,1+1
95,오뚜기)전복죽285G,4500,1+1
96,오뚜기)통단팥죽285G,4500,1+1
97,농심)누들핏떡볶이국물맛,1800,1+1
98,농심)누들핏어묵탕맛,1800,1+1
99,GS)XXL웨이퍼코코아1000,1000,1+1
100,GS)XXL웨이퍼화이트1000,1000,1+1
101,이멕스)초코무쵸500,500,1+1
102,바프)메이플믹스넛30G,2200,1+1
103,바프)허브솔트믹스넛30G,2200,1+1
104,로아카)밀크웨하스45G,1800,1+1
105,로아카)바닐라웨하스45G,1800,1+1
106,로아카)치즈웨하스45G,1800,1+1
107,로아카)카카오웨하스45G,1800,1+1
108,CJ)명가재래김(4G*16봉),9900,1+1
109,CJ)명가파래김(4G*16봉),9900,1+1
110,갓생)CJ프로틴코인쿠키40G(치즈),2500,1+1
111,팔도)잔망루피젤리1200,1200,1+1
112,글로브)신한은행(마라맛)20G[D2],2000,1+1
113,글로브)신한은행(허니버터맛)20G,2000,1+1
114,담터)허니버터곡물라떼원컵,1500,1+1
115,담터)프로틴곡물(호두아몬드),2500,1+1
116,담터)프로틴곡물쉐이크(검은콩),2500,1+1
117,테라)비건육포40G(오리지날),3800,1+1
118,테라)비건육포40G(핫스파이시),3800,1+1
119,샘표)밥도둑고추장멸치50G,3800,1+1
120,샘표)밥도둑돼지고기130G,3800,1+1
121,Y)페이스4일회용면도기3입,5200,1+1
122,유어스)페이스식스일회용면도기,2500,1+1
123,하늘)백앙금인절미볼50G,1200,1+1
124,로아커)크리스피다크초콜릿50G,2800,1+1
125,로아커)크리스피스트라치아텔라,2800,1+1
126,로아커)크리스피카라멜헤이즐넛,2800,1+1
127,로아커)크리스피커피초콜릿50G,2800,1+1
128,초코사이버)볼라볼라껌500,500,1+1
129,미성)허쉬후퍼스42G,1600,1+1
130,미성)실카아몬드초콜릿1000,1000,1+1
131,미성)실카크리스피초콜릿1000,1000,1+1
132,훼밀리)히말라야솔트(민트라임),1000,1+1
133,훼밀리)히말라야솔트(페퍼민트),1000,1+1
134,갓생)오늘하루초콜릿3000,3000,1+1
135,농심)린도볼어쏘티드50G,3000,1+1
136,농심)린도볼밀크37G,2300,1+1
137,네슬레)프루팁스말랑베리믹스,1500,1+1
138,네슬레)프루팁스말랑오리지널,1500,1+1
139,네슬레)프루팁스말랑트로피컬,1500,1+1
140,네슬레)킷캣청키38G,1400,1+1
141,네슬레)킷캣청키쿠키앤크림38G,1400,1+1
142,네슬레)킷캣청키프룻비스킷38G,1400,1+1
143,퍼페티)멘토스과일800,800,1+1
144,퍼페티)멘토스레인보우800,800,1+1
145,퍼페티)멘토스믹스그레이프,800,1+1
146,퍼페티)멘토스콜라800,800,1+1
147,유어스(P)야쿠르트젤리1500,1500,1+1
148,더스윗)쭈쭈봉700,700,1+1
149,빙그레)아이스티레몬300ML,1200,1+1
150,빙그레)아이스티복숭아300ML,1200,1+1
151,빙그레)닥터캡슐베리믹스130ML,1900,1+1
152,빙그레)닥터캡슐사과130ML,1900,1+1
153,빙그레)닥터캡슐프로텍트130ML,1900,1+1
154,ZK)키홀더라이터케이스,3600,1+1
155,페브리즈)향균깨끗한향370ML,9800,1+1
156,페브리즈)다우니향370ML,8900,1+1
157,페브리즈)상쾌한향370ML,8900,1+1
158,페브리즈)은은한향370ML,8900,1+1
159,페브리즈)포맨370ML,9800,1+1
160,피죤)무균무때(욕실용)500ML,7900,1+1
161,피죤)액츠세탁세제1.4L,12900,1+1
162,피죤)리치퍼퓸(미스틱레인)80ML,3900,1+1
163,피죤)리치퍼퓸아이스플라워80ML,3900,1+1
164,피죤)리치퍼퓸라피에스타,12900,1+1
165,피죤)리치퍼퓸시그니쳐1600ML,12900,1+1
166,피죤)리치퍼퓸(미스틱레인)1L,10900,1+1
167,피죤)섬유유연제핑크로즈1.6L,5600,1+1
168,자연퐁솔잎리필1.18L,7000,1+1
169,아우라)딥센트스윗만다린1L,11900,1+1
170,샤프란)아로마시트섬유유연제20,6900,1+1
171,샤프란핑크센세이션2100ML,6500,1+1
172,LG)AURA섬유유연제1L윌유메리미,9900,1+1
173,샤프란)냄새뺌담배냄새,3900,1+1
174,샤프란)스타일러섬유탈취(은은),3900,1+1
175,테크특유취1L,11900,1+1
176,테크)베이킹소다실내건조1.4L,11900,1+1
177,테크)4KG(카톤),23800,1+1
178,테크)베이킹소다액체세제1.4L,12900,1+1
179,테크2KG(리필),11800,1+1
180,LG)시리우스애견간식(비프스틱),3000,1+1
181,LG)시리우스애견간식양고기스틱,3000,1+1
182,스너글)섬유탈취제시트러스150ML,5500,1+1
183,스너글)섬유탈취제코튼향150ML,5500,1+1
184,리큐)드럼2L(리필),15000,1+1
185,리큐)일반2L(리필),15000,1+1
186,진주)천하장사치즈60G,2200,1+1
187,CJ)닭가슴살직화화다닭75G,3900,1+1
188,CJ)맥스봉오리지널50G,2000,1+1
189,클리오센스미세모,2900,1+1
190,크리오)더스타일칫솔1입,2600,1+1
191,오랄비)프레쉬클린칫솔,2000,1+1
192,오랄비크로스액션초미세모,3900,1+1
193,오랄비)크로스액션칫솔,3900,1+1
194,질레트)스킨텍면도기1입,26700,1+1
195,질레트)플렉스볼메뉴면도기,22700,1+1
196,온)히말라야핑크솔트바디워시,12900,1+1
197,히)핑크솔트칫솔(약한잇몸)4P,12900,1+1
198,히말라야)핑크솔트100G*3,12900,1+1
199,LG)온더바디촉촉한휘핑비누90G,2700,1+1
200,비욘드)모이스춰바디워시300ML,11900,1+1
201,오가니스트)크랜베리바디워시500,9900,1+1
202,히말라야핑크솔트칫솔1입,3900,1+1
203,죽염)잇몸전문칫솔,3900,1+1
204,페리오)듀얼클린칫솔(1+1기획),3500,1+1
205,페리오)토탈7미세모칫솔,3900,1+1
206,리치)컴플리트소프트칫솔,3500,1+1
207,페리오)46CM칫솔(초극세모),3500,1+1
208,페리오)이지클리닉미세모칫솔,2200,1+1
209,죽염)잇몸고치약120G,5900,1+1
210,죽염)히말라야핑크솔트치약100G,4900,1+1
211,히말라야)핑크솔트치약100G,4900,1+1
212,페리오)프로폴리테라치약100G,5500,1+1
213,클링스)상쾌한민트100G,4500,1+1
214,페리오)46CM치약쿨민트100G,3900,1+1
215,LG)페리오토탈7오리지널120G,3900,1+1
216,2080)바이오유산균요거민트125G,3900,1+1
217,유어스(P)2080하이브리드칫솔,3500,1+1
218,애경)2080진지발리스K치약120G,3900,1+1
219,덴탈크리닉2080치약125G,4000,1+1
220,덴탈크리닉2080치솔,2800,1+1
221,유어스)어드밴스그랜드치약220G,5500,1+1
222,가그린)스탠다드와이드미세모1P,2500,1+1
223,한강공원)천연펄프물티슈180매,5500,1+1
224,화이트)애니데이무향롱40P,7900,1+1
225,젝시믹스X화이트)레깅스라이너26,5400,1+1
226,좋은느낌)유기농순면뉴수퍼롱8P,9300,1+1
227,좋은느낌)좋은순면수퍼롱10P,9600,1+1
228,좋은느낌)입는오버나이트3P,8400,1+1
229,좋은느낌)입는오버나이트L4P,9700,1+1
230,좋은느낌)입는오버나이트M4P,9700,1+1
231,좋은느낌)유기농순면뉴오버12P,11500,1+1
232,좋은느낌)울트라날개오버14P,10100,1+1
233,라네이처)시그니처울날중3P,3000,1+1
234,좋은느낌)유기농순면뉴슬날대14P,10300,1+1
235,좋은느낌)유기농순면뉴슬날중14P,8900,1+1
236,좋은느낌)좋은순면울날대16P,9600,1+1
237,좋은느낌)좋은순면울날중18P,9600,1+1
238,좋은느낌)에어핏쿠션울날대16P,9100,1+1
239,좋은느낌)울트라날개중18P,9100,1+1
240,화이트)수퍼흡수대형16P,9700,1+1
241,화이트)수퍼흡수중형18P,9700,1+1
242,노티드)크리넥스에코물티슈20매,2400,1+1
243,크리넥스)안심물티슈10매,2000,1+1
244,크리넥스)수앤수물티슈96매(캡),6100,1+1
245,크리넥스3겹데코(12롤*35M),28800,1+1
246,쏘피)BF볼록맞춤중형24P+24P,19800,1+1
247,쏘피)바디피트볼록맞춤대형20+20,19800,1+1
248,쏘피)안심숙면팬티4P,9600,1+1
249,쏘피)안심숙면팬티4P(L),9600,1+1
250,쏘피)유기농무표백라이너롱18P,4900,1+1
251,쏘피)유기농무표백라이너일반20P,4900,1+1
252,쏘피)유기농무표백대형4P,3400,1+1
253,쏘피)유기농무표백중형4P,3000,1+1
254,쏘피)순한면중형4P,2200,1+1
255,쏘피)내몸에순한면대형4P,2800,1+1
256,쏘피)순한면대형16P,8700,1+1
257,쏘피)순한면중형18P,8700,1+1
258,쏘피)볼록맞춤안심숙면4P,3800,1+1
259,바디피트수퍼롱&와이드10P,8700,1+1
260,쏘피)볼록맞춤대형16P,8500,1+1
261,쏘피)볼록맞춤중형16P,7600,1+1
262,키친센스키친타올150매*4입,9200,1+1
263,잘풀리는집클래식9롤,14500,1+1
264,예지미인)오가닛중형3P(몰랑이),2400,1+1
265,깨끗한나라)올그린물티슈60매캡,5900,1+1
266,순수한면)제로중형16P,8500,1+1
267,순수한면)입는오버나이트중대4P,10900,1+1
268,디어스킨)에어엠보대14P,8100,1+1
269,깨끗한나라)3겹소프트25M(30롤),31800,1+1
270,건강한)순수한면오버나이트12P,9800,1+1
271,건강한)순수한면중형16P,8900,1+1
272,매일)상하목장아이스딸기474ML,13500,1+1
273,매일)상하목장아이스밀크474ML,13500,1+1
274,매일)상하목장아이스딸기100ML,5200,1+1
275,매일)상하목장아이스밀크100ML,5200,1+1
276,다논)액티비아플레인*4입,4000,1+1
277,다논)액티비아스무디(키위사과),2000,1+1
278,다논)액티비아스무디딸기바나나,2000,1+1
279,유어스(P)타이거슈가딥초코밀크,2200,1+1
280,유어스(P)타이거슈가우롱밀크티,2200,1+1
281,푸르밀)비피더스블루베리300ML,1800,1+1
282,푸르밀)비피더스사과300ML,1800,1+1
283,푸르밀)카페베네카페라떼컵200ML,1800,1+1
284,푸르밀)카페베네카페모카컵200ML,1800,1+1
285,매일)바이오오그래놀라127G,2300,1+1
286,매일)바이오초코링프로틴볼130G,2300,1+1
287,유어스)춘식이복숭아190ML,1800,1+1
288,유어스)춘식이청포도190ML,1800,1+1
289,남양)과수원사과200ML,1600,1+1
290,남양)로스터리실키라떼200ML,1200,1+1
291,남양)로스터리아메리카노200ML,1200,1+1
292,토트넘)올라프로틴오트그레인,2400,1+1
293,토트넘)올라프로틴코코아,2400,1+1
294,서울)듀오안사과150ML,1700,1+1
295,서울)듀오안저지방플레인150ML,1700,1+1
296,오뚜기)직화닭발150G,9500,1+1
297,베일리스)아이스크림474ML,11800,1+1
298,빙그레)끌레도르클린라벨녹차,12900,1+1
299,빙그레)끌레도르클린라벨딸기,12900,1+1
300,빙그레)끌레도르딥초콜릿90ML,4800,1+1
301,빙그레)끌레도르설향딸기90ML,4800,1+1
302,빙그레)슈퍼콘민트초코칩150ML,2000,1+1
303,빙그레)슈퍼콘초코150ML,2000,1+1
304,빙그레)슈퍼콘쿠앤크150ML,2000,1+1
305,빙그레)슈퍼콘프렌치바닐라150ML,2000,1+1
306,빙그레)따옴바납작복숭아75ML,1800,1+1
307,빙그레)따옴바딸기75ML,1800,1+1
308,템포)내추럴라이너롱18P,4000,1+1
309,ZK)다용도담요(블루),5900,1+1
310,바세린)립테라피로지립스스틱,5000,1+1
311,바세린)립테라피오리지널스틱,5000,1+1
312,존슨즈)핑크베이비로션300ML,11900,1+1
313,미쟝센)데미지린스530ML,15000,1+1
314,미쟝센)데미지샴푸530ML,15000,1+1
315,뉴케라시스)데미지린스250ML,5500,1+1
316,뉴케라시스)데미지샴푸250ML,5500,1+1
317,엘라스틴)새치염색약3입흑갈색,8900,1+1
318,온더바디)퍼퓸러브바디워시500ML,9900,1+1
319,온더바디)퍼퓸해피바디워시500ML,9900,1+1
320,ES)실크리페어샤이닝샴푸400ML,9900,1+1
321,엘라)실크베이비파우더샴푸400ML,9900,1+1
322,엘라스틴)퍼퓸러브미샴푸400ML,9900,1+1
323,푸르밀)웰치사과에이드250ML,1500,2+1
324,푸르밀)웰치포도에이드250ML,1500,2+1
325,하겐)녹차파인트,15900,2+1
326,하겐)딸기파인트,15900,2+1
327,하겐)레드벨벳치즈케이크파인트,15900,2+1
328,하겐)마카다미아파인트,15900,2+1
329,하겐)바닐라라즈베리파인트,15900,2+1
330,하겐)바닐라밀크티파인트,15900,2+1
331,하겐)바닐라파인트,15900,2+1
332,하겐)벨지안초콜릿&헤이즐넛파인,15900,2+1
333,하겐)쵸코렛파인트,15900,2+1
334,하겐)쿠키앤크림파인트,15900,2+1
335,하겐)트위스트초코딸기파인트,15900,2+1
336,하겐)트위스트초코바닐라파인트,15900,2+1
337,오뚜기)육개장(소컵),1000,2+1
338,그대로쫀득고구마스틱(20G),1500,2+1
339,더스윗)틱톡젤리딸기3000,3000,2+1
340,더스윗)틱톡젤리포도3000,3000,2+1
341,피니)라즈앤드블랙베리85G,1800,2+1
342,피니)젤리빈90G,1800,2+1
343,피니)젤리웜즈100G,1800,2+1
344,피니)콜라보틀젤리100G,1800,2+1
345,피니)크로커다일젤리100G,1800,2+1
346,피니)피지웜즈100G,1800,2+1
347,피니)해피믹스90G,1800,2+1
348,피니)해피사우워믹스90G,1800,2+1
349,마즈)스니커즈미니20G,600,2+1
350,거산)당근꿀맛고구마60G(봉),3900,2+1
351,거산)찰진꿀맛고구마60G(봉),3900,2+1
352,거산)호박꿀맛고구마60G(봉),3900,2+1
353,거산)꿀머군고구마(120G/봉),2800,2+1
354,돌)건망고(80G/봉),4500,2+1
355,돌)감귤컵198G,2900,2+1
356,돌)망고컵198G,2900,2+1
357,돌)복숭아컵198G,2900,2+1
358,돌)파인애플컵198G,2900,2+1
359,TDF)조카스타웨이퍼롤메이플400G,5900,2+1
360,TDF)조카스타웨이퍼롤애플파이,5900,2+1
361,흥선)임실치즈갈릭크래커60G,1500,2+1
362,유어스(P)슈퍼말차워터500ML,2000,2+1
363,웅진)꿀홍삼PET280ML,1600,2+1
364,웅진)내사랑유자CPET280ML,1600,2+1
365,웅진)꿀먹은헛개180ML병,1400,2+1
366,웅진)꿀홍삼180ML병,1400,2+1
367,동아)데자와밀크티캔240ML,1500,2+1
368,썬키스트)모과생강280ML,1800,2+1
369,해태)썬키스트허니유자280ML,1800,2+1
370,조지아)맥스커피240ML,1200,2+1
371,조지아)카페라떼240ML,1200,2+1
372,팜트리)궁중발효홍삼100ML,2200,2+1
373,칸타타)아메리카노275ML(NB캔),2200,2+1
374,칸타타)콜드브루블랙275ML(NB캔),2200,2+1
375,칸타타)프리미엄라떼275ML(NB캔),2200,2+1
376,레쓰비)카페타임라떼240ML,1200,2+1
377,레쓰비)카페타임헤이즐넛240ML,1200,2+1
378,흥선)떡볶이스낵김치컵라면맛,1500,2+1
379,흥선)빼바프로틴레드27G,1500,2+1
380,오징어물회330G(냉동),8900,2+1
381,납딱한오다리25G,3800,2+1
382,대구노가리30G,3800,2+1
383,도톰한오징어25G,3800,2+1
384,켈로그)베리앤넛에너지바1400,1400,2+1
385,켈로그)첵스초코오리지널,1200,2+1
386,켈)프로틴그래놀라바고소한맛35G,1800,2+1
387,켈)프로틴그래놀라바사과맛30G,1800,2+1
388,프링글스)매콤한맛(대),3700,2+1
389,프링글스)양파맛(대),3700,2+1
390,프링글스)오리지날(대),3700,2+1
391,프링글스)치즈맛(대),3700,2+1
392,프링글스슈퍼핫갈릭새우맛110G,3700,2+1
393,Y(P)다운타우너치폴레소세지80G,2300,2+1
394,Y(P)다운타우너트러플소세지80G,2300,2+1
395,쫄깃한한입문어70G(냉장),5500,2+1
396,맥널티)스테비아커피믹스원컵,1500,2+1
397,맥널티)스테비아제로슈가핫초코,1800,2+1
398,팔도)비빔장스틱형(10입),7000,2+1
399,허쉬)머쉬멜로핫초코원컵30G,1800,2+1
400,허쉬)민트핫초코원컵30G,1800,2+1
401,티젠)핫콤부차(진저레몬)10입,7500,2+1
402,머거본)볶음땅콩100G,3000,2+1
403,하림)THE미식고시히카리밥180G,2800,2+1
404,하림)THE미식잡곡밥180G,2800,2+1
405,하림)THE미식흑미밥180G,2800,2+1
406,CJ)누룽지닭백숙죽280G,4500,2+1
407,CJ)비비고단호박죽280G,4500,2+1
408,CJ)비비고매콤문어김치죽280G,4500,2+1
409,CJ)비비고버섯야채죽280G,4500,2+1
410,CJ)비비고새우계란죽280G,4500,2+1
411,CJ)비비고소고기죽280G,4500,2+1
412,CJ)비비고전복죽280G,4500,2+1
413,CJ)비비고통단팥죽280G,4500,2+1
414,CJ)비비고흑임자죽280G,4500,2+1
415,갓생)비비고매콤차돌된장죽280G,4500,2+1
416,담터)포켓몬콤부차(레몬)10입,7500,2+1
417,담터)포켓몬콤부차(샤인머스캣),7500,2+1
418,이디야)비니스트미니오리지널,2700,2+1
419,이디야)비니스트스페셜10입,2700,2+1
420,농심)너구리큰사발(대컵),1800,2+1
421,농심)무파마큰사발(대컵),1800,2+1
422,농심)사천백짬뽕(대컵),1800,2+1
423,농심)사천짜파게티큰사발(대컵),1800,2+1
424,농심)오징어짬뽕큰사발(대컵),1800,2+1
425,심플리쿡)매운소갈비찜200G,7900,2+1
426,고품격)매콤갈매기살300G(냉동),9900,2+1
427,고품격)안창살구이300G(냉동),9900,2+1
428,고품격)토시살구이300G(냉동),9900,2+1
429,한일)킹볶이대컵296G,3600,2+1
430,에너자이저맥스플러스AA4입,7900,2+1
431,에너자이저맥스플러스AAA4입,7900,2+1
432,에너자이저맥스플러스AA2입,4300,2+1
433,에너자이저맥스플러스AAA2입,4300,2+1
434,벡셀)알카라인AA4입,4900,2+1
435,벡셀)알카라인AAA4입,4900,2+1
436,벡셀)고성능알카라인AA2입,3700,2+1
437,벡셀)고성능알카라인AAA2입,3700,2+1
438,Y(P)천하장사저지방닭가슴살90G,2500,2+1
439,Y(P)천하장사저지방후랑크90G,2500,2+1
440,대림)랍스터킹128G,4200,2+1
441,대림)비엔나에꼬치다90G,2800,2+1
442,대림)양꼬치맛에꼬치다100G,2800,2+1
443,OKF)그린스무디350ML,2000,2+1
444,OKF)옐로우스무디350ML,2000,2+1
445,롯데)편한하루캐모마일150ML,1700,2+1
446,효성)곰표찐어묵바70G,2500,2+1
447,동원)가쓰오크랩스144G,3900,2+1
448,랩노쉬)프로틴드링크라떼350ML,3200,2+1
449,랩노쉬)프로틴드링크바나나350ML,3200,2+1
450,랩노쉬)프로틴드링크카카오350ML,3200,2+1
451,CJ)비비고김치왕교자385G,5900,2+1
452,CJ)비비고매운왕교자315G,5900,2+1
453,CJ)비비고왕교자420G,5900,2+1
454,CJ)수제진한고기교자327G,5900,2+1
455,해태)아이비58G,1200,2+1
456,해태)샌드에이스(찐초코)68G,1700,2+1
457,해태)에이스121G,1700,2+1
458,해태)맛동산2000,2000,2+1
459,해태)구운새우60G,1500,2+1
460,해태)구운양파60G,1500,2+1
461,해태)신당동떡볶이110G,1500,2+1
462,효성)무직타이거찹쌀손약과50G,1000,2+1
463,매일)과일야채샐러드녹황190ML,2000,2+1
464,매일)과일야채샐러드레드190ML,2000,2+1
465,매일)과일야채샐러드퍼플190ML,2000,2+1
466,홈위드)수제초코쿠키,1500,2+1
467,홈위드)수제화이트쿠키,1500,2+1
468,에이스)추억의도나스70G,1000,2+1
469,맥널티)복숭아아이스티제로500ML,2000,2+1
470,맥널티)자몽아이스티제로500ML,2000,2+1
471,팜트리)샤인머스캣향스파클링,1300,2+1
472,아워티)레몬얼그레이티500(신),2000,2+1
473,아워티)오렌지자몽블랙티500(신),2000,2+1
474,일화)천연사이다350ML,1200,2+1
475,일화)맥콜500ML,1900,2+1
476,천지개벽)한라봉스파클링355ML,1300,2+1
477,슈가로로)스파클링복숭아350,1500,2+1
478,슈가로로)스파클링샤인머스캣350,1500,2+1
479,매일)셀렉스프로핏드링크330ML,2900,2+1
480,매일)셀렉스프로핏복숭아330ML,2900,2+1
481,매일)셀렉스프로핏아메리카노330,2900,2+1
482,현대)미에로화이바100ML,800,2+1
483,삼립)티트라레몬그린티500ML,2000,2+1
484,삼립)티트라피치아쌈티500ML,2000,2+1
485,HK)새싹차보리500ML,2000,2+1
486,HK)헛개수500ML,2000,2+1
487,HK)헛개수340ML,1500,2+1
488,HK)컨디션100ML,5000,2+1
489,HK)컨디션레이디100ML,5000,2+1
490,농심)백산수500ML,950,2+1
491,농심)백산수2L,1700,2+1
492,농심)파워O2(오렌지레몬)500ML,2100,2+1
493,CLOOP)레몬스파클링워터500ML,2000,2+1
494,CLOOP)샤인머스캣스파클링워터,2000,2+1
495,CLOOP)피치워터500ML,2000,2+1
496,오리온)제주용암수530ML,1000,2+1
497,남양)FC킬링샷라떼470ML,2500,2+1
498,남양)FC킬링샷아메리카노470ML,2500,2+1
499,매일)바리스타그란데(라떼)475ML,2500,2+1
500,매일)바리스타그란데(스위트)475,2500,2+1
501,매일)바리스타그란데(아메)475ML,2500,2+1
502,매일)99.89두유190ML,1000,2+1
503,매일)검은콩두유190ML,1000,2+1
504,매일)두유식이섬유190ML,1000,2+1
505,OKF)요구르트스파클링500ML,2000,2+1
506,OKF)샤인머스캣500ML,2100,2+1
507,종근당)속청쿨75ML,1000,2+1
508,광동)진쌍화100ML,1200,2+1
509,광동)유자쌍화150ML,1500,2+1
510,광동)헛개파워100ML,5000,2+1
511,광동)솔표위청수골드75ML,1000,2+1
512,광동)진한헛개차1L,2200,2+1
513,광동)밀싹보리차500ML,1800,2+1
514,종근당)락토조이S스파클링350ML,2000,2+1
515,해태)평창수프리미엄500ML,950,2+1
516,글라소)에너지500ML,2000,2+1
517,글라소)파워씨500ML,2000,2+1
518,코카)토레타500ML,2000,2+1
519,코카)토레타더락토500ML,2000,2+1
520,파워에이드)프로틴355ML,2200,2+1
521,코카)토레타240ML,1200,2+1
522,파워에이드)마운틴블러스트240ML,1200,2+1
523,코카)태양의식후비법W차500ML,1800,2+1
524,코카)환타오렌지PET600ML,2100,2+1
525,코카)환타파인PET600ML,2100,2+1
526,코카)스프라이트PET500ML,2000,2+1
527,코카)스프라이트제로PET500ML,2000,2+1
528,Y)코리안좀비에너지드링크,2000,2+1
529,Y)코리안좀비에너지드링크(로우),2000,2+1
530,웅진)아침햇살340ML,1600,2+1
531,웅진)초록매실340ML,1600,2+1
532,유어스(P)초록매실홍차블렌딩티,2000,2+1
533,웅진)티즐유자그린티500ML,2000,2+1
534,웅진)티즐제로자몽블랙티500ML,2000,2+1
535,웅진)티즐피치우롱티500ML,2000,2+1
536,유어스)웅진팥차500ML,1600,2+1
537,웅진)광명찾은결명자차500ML,1600,2+1
538,웅진)누룽지차500ML,1600,2+1
539,웅진)옥수수수염차500ML,1600,2+1
540,진로)토닉워터제로300ML,1500,2+1
541,하이트)블랙보리520ML,1600,2+1
542,하이트)블랙보리라이트520ML,1600,2+1
543,동원)보성홍차아이스티레몬500,2200,2+1
544,동원)보성홍차아이스티복숭아500,2200,2+1
545,동원)양반오미자차500ML,2200,2+1
546,동원)보성녹차PET350ML,1200,2+1
547,맥심)TOP더블랙380ML,3000,2+1
548,맥심)TOP마스터라떼380ML,3000,2+1
549,맥심)TOP스위트아메리카노380ML,3000,2+1
550,동서)마스터스위트아메리카노240,1300,2+1
551,동서)마스터오리지날블랙240ML,1300,2+1
552,동서)마스터카페라떼240ML,1300,2+1
553,맥심)TOP스모키라떼275ML,2400,2+1
554,맥심)TOP스모키블랙275ML,2400,2+1
555,동서)마스터라떼500ML,2600,2+1
556,동서)마스터바닐라500ML,2600,2+1
557,동서)마스터블랙500ML,2600,2+1
558,맥심)TOP더블랙275ML,2400,2+1
559,맥심)TOP마스터라떼275ML,2400,2+1
560,맥심)TOP스위트아메리카노275ML,2400,2+1
561,롯데)숙취해소깨수깡160ML,5000,2+1
562,롯데)핫식스더킹러쉬355ML,2200,2+1
563,롯데)핫식스더킹제로355ML,2200,2+1
564,롯데)핫식스더킹파워355ML,2200,2+1
565,롯데)핫식스더킹포스355ML,2200,2+1
566,롯데)2%아쿠아500ML,1800,2+1
567,롯데)트레비라임500ML,1800,2+1
568,롯데)트레비레몬500ML,1800,2+1
569,롯데)트레비자몽500ML,1800,2+1
570,롯데)아이시스8.0(2.0L),1700,2+1
571,롯데)아이시스8.0(500ML),950,2+1
572,롯데)아이시스에코2L-PLU판매,1600,2+1
573,롯데)아이시스에코500ML-PLU판매,900,2+1
574,롯데)솔의눈500ML,2000,2+1
575,롯데)실론티제로500ML,2000,2+1
576,칸타타)콘트라베이스라떼PET500,2500,2+1
577,칸타타)콘트라베이스블랙PET500,2500,2+1
578,칸타타)콘트라베이스스윗PET500,2500,2+1
579,롯데)델몬트알로에400ML,2000,2+1
580,롯데)델몬트오렌지400ML,2000,2+1
581,롯데)탐스제로레몬600ML,2000,2+1
582,롯데)탐스제로오렌지600ML,2000,2+1
583,롯데)펩시제로500ML,2000,2+1
584,롯데)펩시콜라600MLPET,2000,2+1
585,롯데)펩시콜라제로캔355ML,1700,2+1
586,롯데)펩시콜라캔355ML,1700,2+1
587,정식품)국산검은콩두유병190ML,1900,2+1
588,정식품)베지밀B검은콩병190ML,1800,2+1
589,정식품)아몬드호두두유병190ML,1800,2+1
590,정식품)베지밀A병190ML,1600,2+1
591,유어스)하늘가득사과330ML,1900,2+1
592,유어스)하늘가득수박330ML,1900,2+1
593,유어스)하늘가득유자레몬330ML,1900,2+1
594,유어스)하늘가득자몽330ML,1900,2+1
595,유어스(P)톰과제리초코캔200ML,1200,2+1
596,테일러)푸룬딥워터180ML,4500,2+1
597,에이플)키스프레소블랙커피275ML,2500,2+1
598,에이플)프로틴스파클링포도,2000,2+1
599,에이플)프로틴스파클링핑크자몽,2000,2+1
600,동아)나랑드사이다제로245ML,1200,2+1
601,해광)아카시아꿀물180ML,1400,2+1
602,유기농오늘의야채)타요사과맛220,1400,2+1
603,유기농오늘의야채)타요포도맛220,1400,2+1
604,오리온)도도한나쵸(사워&어니언),1500,2+1
605,오리온)돌아온와클76G,1500,2+1
606,오뚜기)밥210G(6입),10200,2+1
607,오뚜기)작은밥150G,1700,2+1
608,오뚜기)오뚜기큰밥300G,2800,2+1
609,오뚜기)오뚜기밥210G,2000,2+1
610,오뚜기)수원식갈비탕밥311G(컵밥,4800,2+1
611,오뚜기)짜장컵밥(컵밥),4800,2+1
612,오뚜기)참기름김치볶음밥(컵밥),4800,2+1
613,오뚜기)카레컵밥(컵밥),4800,2+1
614,오뚜기)쌀떡국166G,3500,2+1
615,오뚜기)사골곰탕500G,2500,2+1
616,오뚜기)남도식한우미역국500G,7800,2+1
617,오뚜기)안동식쇠고기국밥500G,7800,2+1
618,오뚜기)청주식돼지김치짜글이450,7800,2+1
619,켈로그)아몬드컵시리얼30G,1700,2+1
620,켈로그)첵스초코컵시리얼30G,1700,2+1
621,켈로그)콘푸로스트30G,1700,2+1
622,켈로그)후루트링컵시리얼30G,1700,2+1
623,농심)후루룩쌀국수미역국(소컵),1800,2+1
624,농심)김치큰사발(대컵),1400,2+1
625,농심)튀김우동큰사발(대컵),1400,2+1
626,농심)우와한치즈칩42G,2500,2+1
627,농심)우와한콩칩42G,2500,2+1
628,농심)고메포테토트러플40G,2000,2+1
629,농심)새우깡블랙80G,2000,2+1
630,농심)오징어집83G,1700,2+1
631,농심)옥수수깡70G,1700,2+1
632,농심)자갈치90G,1700,2+1
633,심플리쿡)나주곰탕밥640G,5500,2+1
634,심플리쿡)대한곱창전골밥615G,5500,2+1
635,심플리쿡)소고기장터국밥610G,5500,2+1
636,홍선)훈제맛통육포40G,3500,2+1
637,심플리쿡)순살왕족발260G,8900,2+1
638,한성)꼬마육포13G,2500,2+1
639,한성)일품도톰육포45G,5500,2+1
640,한성)일품쇠고기견과포35G,5500,2+1
641,매일)셀렉스프로틴너츠바50G,1600,2+1
642,매일)셀렉스프로틴베리오트바50G,1600,2+1
643,위스트)보구티아메리칸쿠키135G,2500,2+1
644,위스트)보구티피넛쿠키150G,2500,2+1
645,청우)쫀득초코칩90G,2000,2+1
646,CJ)모닝두부(클래식),1800,2+1
647,페레로)누텔라370G,6400,2+1
648,바프)구운양파병아리콩90G,3900,2+1
649,바프)군옥수수맛땅콩120G,3900,2+1
650,바프)마늘빵병아리콩90G,3900,2+1
651,바프)허니버터땅콩120G,3900,2+1
652,바프)구운양파아몬드30G,2200,2+1
653,바프)군옥수수맛아몬드40G,2200,2+1
654,바프)마늘빵아몬드40G,2200,2+1
655,바프)아몬드앤프레첼(체다치즈),2200,2+1
656,바프)와사비맛아몬드40G,2200,2+1
657,바프)인절미아몬드40G,2200,2+1
658,바프)카라멜솔티드아몬드40G,2200,2+1
659,바프)허니버터아몬드40G,2200,2+1
660,CJ)스팸25%라이트340G,8200,2+1
661,CJ)스팸340G,8200,2+1
662,CJ)스팸200G,6200,2+1
663,CJ)스팸25%라이트200G,6200,2+1
664,CJ)스팸120G,4200,2+1
665,CJ)맛밤80G,3500,2+1
666,크라운)빅파이3200,3200,2+1
667,크라운)뽀또치즈1500,1500,2+1
668,크라운)참크래커1200,1200,2+1
669,크라운)죠리퐁1500,1500,2+1
670,크라운)츄러스1500,1500,2+1
671,크라운)카라멜콘메이플1500,1500,2+1
672,크라운)크로플58G,1500,2+1
673,CJ)햇반(구수한쌀밥)210G,2600,2+1
674,CJ)비비고한우사골곰탕500G,3200,2+1
675,CJ)비비고꼬리곰탕460G,9900,2+1
676,CJ)비비고도가니곰탕460G,9900,2+1
677,CJ)비비고사골시래기된장국460G,5900,2+1
678,CJ)비비고소고기미역국500G,5900,2+1
679,CJ)비비고육개장500G,5900,2+1
680,CJ)비비고콩나물황태국500G,5900,2+1
681,CJ)BIG간장삼겹덮밥(컵밥),5400,2+1
682,CJ)BIG김치날치알밥(컵밥),5400,2+1
683,CJ)BIG김치삼겹덮밥(컵밥),5400,2+1
684,CJ)BIG스팸김치덮밥(컵밥),5400,2+1
685,CJ)BIG스팸마요덮밥(컵밥),5400,2+1
686,CJ)BIG치즈닭갈비덮밥(컵밥),5400,2+1
687,CJ)BIG치킨마요덮밥(컵밥),5400,2+1
688,CJ)햇반미역국밥(컵밥),4200,2+1
689,CJ)햇반사골곰탕국밥(컵밥),4200,2+1
690,CJ)햇반황태국밥(컵밥),4200,2+1
691,CJ)공화춘자장덮밥(컵밥),4800,2+1
692,CJ)공화춘짬뽕국밥(컵밥),4800,2+1
693,CJ)스팸김치덮밥(컵밥),4800,2+1
694,CJ)햇반강된장보리비빔밥(컵밥),4800,2+1
695,CJ)햇반김치날치알밥(컵밥),4800,2+1
696,CJ)햇반낙지콩나물비빔밥(컵밥),4800,2+1
697,CJ)햇반버터장조림비빔밥,4800,2+1
698,CJ)햇반불고기덮밥(컵밥),4800,2+1
699,CJ)햇반불닭마요덮밥(컵밥),4800,2+1
700,CJ)햇반불닭소스스팸덮밥(컵밥),4800,2+1
701,CJ)햇반불닭소스치킨덮밥(컵밥),4800,2+1
702,CJ)햇반스팸마요덮밥(컵밥),4800,2+1
703,CJ)햇반육개장국밥(컵밥),4800,2+1
704,CJ)햇반참치마요덮밥(컵밥),4800,2+1
705,CJ)햇반치킨마요덮밥(컵밥),4800,2+1
706,CJ)햇반(발아현미밥)210G,2800,2+1
707,CJ)햇반(오곡밥)210G,2800,2+1
708,CJ)햇반(찰잡곡밥)210G,2800,2+1
709,CJ)햇반(현미쌀밥)210G,2800,2+1
710,CJ)햇반(흑미밥)210G,2800,2+1
711,CJ)햇반매일잡곡밥210G,2800,2+1
712,CJ)햇반(매일잡곡밥)210G(3입),7200,2+1
713,CJ)햇반(매일찰잡곡밥)210G(3입),7200,2+1
714,CJ)햇반(발아현미밥)210G(3입),7200,2+1
715,CJ)햇반(현미쌀밥)210G(3입),7200,2+1
716,CJ)햇반(흑미밥)210G(3입),7200,2+1
717,CJ)햇반반공기130G,1700,2+1
718,CJ)큰햇반300G,2900,2+1
719,CJ)햇반(원형)210G,2100,2+1
720,하림)더미식유니자장면한그릇(대,4980,2+1
721,유동)번데기가미130G,2200,2+1
722,세아)꽃오징어32G,6300,2+1
723,동원)리챔200G,6200,2+1
724,동원)리챔더블라이트200G,6200,2+1
725,동원)매운리챔200G[D2],6200,2+1
726,동원)트러플리챔200G[D2],6200,2+1
727,동원)리챔340G,8200,2+1
728,동원)리챔120G,4200,2+1
729,동원)큐브참치(고소로제)[D2],5500,2+1
730,동원)큐브참치(매콤고추)[D2],5500,2+1
731,동원)큐브참치(볼케이노)[D2],5500,2+1
732,동원)고추참치150G,4400,2+1
733,동원)김치찌개참치150G,4400,2+1
734,동원)매운고추참치150G,4400,2+1
735,웰그린)더치아메리카노원컵,1500,2+1
736,웰그린)헤이즐넛향액상원컵,1500,2+1
737,네스카페)수프리모골드20입[D2],4900,2+1
738,네스카페)수프리모믹스20입[D2],4900,2+1
739,네슬레)핫초코10입,5700,2+1
740,네슬레)핫쵸코오리지날원컵,1200,2+1
741,네스카페)테이스터스초이스20T,4500,2+1
742,신화)20촉촉오징어38G[D2],4800,2+1
743,머거본)허니로스티드땅콩60G,2500,2+1
744,머거본)허니버터아몬드30G,1600,2+1
745,머거본)칼몬드35G,2500,2+1
746,스타벅스)다크로스트10T,4500,2+1
747,스타벅스)미디엄로스트10T,4500,2+1
748,티젠)콤부차(베리)10입,7500,2+1
749,티젠)콤부차(파인애플)10입,7500,2+1
750,티젠)콤부차(피치)10입,7500,2+1
751,티젠)콤부차10입[D2],7500,2+1
752,정화)바베큐조미오징어54G,4500,2+1
753,정화)왕다리오징어50G,5500,2+1
754,샘표)우리엄마명태채볶음50G[D2],4000,2+1
755,샘표)고추장고기볶음95G,3400,2+1
756,샘표)우리엄마깻잎(매콤한맛),3300,2+1
757,샘표)질러직화풍비비큐30G(칠리),4000,2+1
758,샘표)질러크레이지핫육포30G,4600,2+1
759,샘표)질러부드러운우육포30G,4400,2+1
760,담터)생강차원컵,1800,2+1
761,담터)쌍화차(원컵),1800,2+1
762,정화)실속꿀어포2마리35G,2400,2+1
763,정화)정품오징어30G,5600,2+1
764,글로브)와구와구옥수수맛30G,2000,2+1
765,글로브)와구와구치즈맛30G,2000,2+1
766,네스퀵)초코웨하스1200,1200,2+1
767,샘표)게살푸팟퐁커리170G,4750,2+1
768,샘표)비프키마커리170G,4750,2+1
769,샘표)스파이시마살라커리170G,4750,2+1
770,ZK)스타일링끈조절마스크(검정),3000,2+1
771,ZK)3D입체패션마스크(검정)1+1,2500,2+1
772,팔도)소림마라면(봉지),1950,2+1
773,비폰)포띠가쌀국수(닭고기),3000,2+1
774,진마이랑)사천식탄탄면(대컵),2000,2+1
775,진마이랑)중경식마라탕면(대컵),2000,2+1
776,농심)라면왕김통깨(봉지),1700,2+1
777,농심)배홍동비빔면(봉지),1200,2+1
778,농심)사리곰탕면(봉지),1200,2+1
779,농심)오징어짬뽕(봉지),1200,2+1
780,오뚜기)컵누들로제맛(소컵),1800,2+1
781,오뚜기)컵누들짜장맛(소컵),1800,2+1
782,오뚜기)진라면순한맛(봉지),950,2+1
783,오뚜기)짜슐랭(봉지),1400,2+1
784,오뚜기)진라면매운맛(대컵),1300,2+1
785,오뚜기)진라면순한맛(대컵),1300,2+1
786,오리온)오!현미아몬드340G,6000,2+1
787,동서)오곡코코볼바25G,1200,2+1
788,동서)콘푸라이트베리요거트바27G,1200,2+1
789,동서)단백질바50G,1700,2+1
790,동서)골든그래놀라밀크바1200,1200,2+1
791,동서)콘푸라이트밀크바1200,1200,2+1
792,동서)리츠레몬샌드96G,2000,2+1
793,리츠샌드위치크래커96G,2000,2+1
794,동서)오레오민트초코80G,1900,2+1
795,동서)오레오시나몬번80G,1900,2+1
796,동서)오레오씬즈바닐라무스84G,1900,2+1
797,오레오)씬즈초코무스84G,1900,2+1
798,하늘)미니첼머스타드어니언75G,1500,2+1
799,하늘)미니첼와사비75G,1500,2+1
800,미성)허쉬다크&화이트칩50G,1700,2+1
801,허쉬)초코멜로쿠키45G,1700,2+1
802,허쉬)초콜릿칩쿠키50G,1700,2+1
803,미성)오트밀치즈미니바이트220G,4500,2+1
804,해표)김이봉10G,1000,2+1
805,에이스)코코넛쌀스틱60G,2500,2+1
806,에이스)전천당바베큐맛80G,1500,2+1
807,동원)양반김(들기름김)5G,700,2+1
808,동원)양반밥130G,1700,2+1
809,동원)양반전통김17G,1800,2+1
810,동원)양반현미밥130G,1800,2+1
811,동원)양반흑미밥130G,1800,2+1
812,동원)양반한우사골곰탕460G,3900,2+1
813,동원)양반소고기미역국300G,5000,2+1
814,동원)양반단호박죽285G,4500,2+1
815,동원)양반밤단팥죽285G,4500,2+1
816,동원)양반야채죽285G,4500,2+1
817,동원)양반영양닭죽285G,4500,2+1
818,동원)양반참치죽285G,4500,2+1
819,동원)양반쇠고기죽285G,4500,2+1
820,유어스)양반전복죽285G,4500,2+1
821,롯데)초단백질바1200,1200,2+1
822,롯데)초에너지바1200,1200,2+1
823,롯데)ABC초코쿠키(쿠앤크)43G,1200,2+1
824,롯데)ABC초코쿠키50G,1200,2+1
825,갓생)HBAF쌀로별마늘빵맛69G,1500,2+1
826,롯데)오잉1500,1500,2+1
827,롯데)오잉포차꾸잉칩60G,1500,2+1
828,롯데)꼬깔콘(매콤달콤)1500,1500,2+1
829,롯데)꼬깔콘고소한맛1500,1500,2+1
830,롯데)꼬깔콘군옥수수1500,1500,2+1
831,롯데)꼬깔콘찰옥수수맛1500,1500,2+1
832,롯데)몽쉘(딸기맛)3000,3000,2+1
833,롯데)몽쉘카카오3000,3000,2+1
834,롯데)몽쉘크림3000,3000,2+1
835,롯데)마가렛트1500,1500,2+1
836,롯데)샌드오리지날1700,1700,2+1
837,롯데)샌드화이트크림깜뜨105G,1700,2+1
838,롯데)야채크래커83G,1700,2+1
839,에이스)철판에메메구운오징어37G,3800,2+1
840,맥심)카누라떼10입,5000,2+1
841,맥심)슈프림골드믹스20입,4900,2+1
842,맥심)화이트골드원컵,1100,2+1
843,하늘)비어츠와사비35G[D2],1800,2+1
844,하늘)비어츠콘소메35G[D2],1800,2+1
845,하늘)비어츠페퍼베이컨35G[D2],1800,2+1
846,사조)살코기참치150G,4300,2+1
847,사조)살코기참치100G,3300,2+1
848,사조)한돈육포30G(데리야끼),3800,2+1
849,사조)한돈육포30G(오리지널),3800,2+1
850,동원)양반김부각(김치맛)50G,4200,2+1
851,동원)양반김부각(오리지널)50G,4200,2+1
852,동원)상상리챔육포(스파이시)40G,5500,2+1
853,동원)상상리챔육포(오리지널)40G,5500,2+1
854,동원)상상육포40G(비프앤치즈),5900,2+1
855,동원)상상육포40G(스테이크),5900,2+1
856,동원)상상육포40G(안심),5900,2+1
857,동원)상상육포클래식40G,5900,2+1
858,진주)천하장사육포갈릭45G,5200,2+1
859,코주부)포켓미니살라미40G,2000,2+1
860,코주부)징기스칸통육포35G,4900,2+1
861,코주부)의성마늘육포40G,4200,2+1
862,동아)박카스맛젤리(신맛)1200,1200,2+1
863,동아)박카스맛젤리1200,1200,2+1
864,짱구)21곡초코바,700,2+1
865,서주)탱글탱글젤리(리치)2000,2000,2+1
866,위스트)모구모구젤리(딸기)150G,1500,2+1
867,위스트)모구모구젤리(리치)150G,1500,2+1
868,하늘)드링크젤리망고220G,2000,2+1
869,하늘)드링크젤리백포도220G,2000,2+1
870,하늘)드링크젤리복숭아220G,2000,2+1
871,마즈)트윅스탑싱글700,700,2+1
872,마즈)엠앤엠즈블록밀크1500,1500,2+1
873,마즈)엠앤엠즈블록크리스피1500,1500,2+1
874,마즈)스니커즈피넛싱글51G,1500,2+1
875,마즈)몰티져스다크1500,1500,2+1
876,마즈)몰티져스밀크1500,1500,2+1
877,크라운)마이쮸캔털루프멜론44G,1000,2+1
878,크라운)마이쮸딸기1500,1500,2+1
879,크라운)마이쮸포도1500,1500,2+1
880,크라운)마이쮸(딸기)800,800,2+1
881,크라운)마이쮸(복숭아)800,800,2+1
882,크라운)마이쮸(포도)800,800,2+1
883,훼밀리)멜로팝레인보우22G,2000,2+1
884,훼밀리)멜로팝퓨어바닐라22G,2000,2+1
885,네슬레)킷캣미니오리지널45G,2300,2+1
886,서울)짱구마시멜로우롤리팝,2000,2+1
887,에이스)전천당쑥쑥우유맛캔디30G,1500,2+1
888,씨믹스)계란후라이젤리2000,2000,2+1
889,씨믹스)스누피구미60G,2000,2+1
890,씨믹스)스누피사우어구미60G,2000,2+1
891,오리온)젤리데이포도복숭아1000,1000,2+1
892,오리온)핫브레이크1000,1000,2+1
893,오리온)마켓오민티페퍼민트2500,2500,2+1
894,오리온)마켓오민티피치민트2500,2500,2+1
895,오리온)자일리톨통껌4000,4000,2+1
896,오리온)아이셔캔디(소다)42G,1000,2+1
897,오리온)아이셔캔디(청사과)42G,1000,2+1
898,히치스)버블껌수수깡젤리40G,2500,2+1
899,히치스)사우어수수깡젤리40G,2500,2+1
900,히치스)수수깡젤리40G,2500,2+1
901,삼경)푸쵸딸기아주끼50G,2500,2+1
902,삼경)사케루롱복숭아젤리33G,2500,2+1
903,삼경)사케루롱포도젤리33G,2500,2+1
904,UHA)코로로소다2500,2500,2+1
905,UHA)코로로젤리머스켓2500,2500,2+1
906,UHA)코로로젤리포도2500,2500,2+1
907,UHA)코로로콜라2500,2500,2+1
908,흥선)수박씨캔디30G,1500,2+1
909,흥선)시크릿쥬쥬DIY팔찌캔디12G,1000,2+1
910,흥선)밀카오레오바1500,1500,2+1
911,흥선)밀카밀크초콜릿2900,2900,2+1
912,흥선)밀카오레오초콜릿2900,2900,2+1
913,흥선)밀카칩스아호이2900,2900,2+1
914,흥선)오레오에그31G,1300,2+1
915,흥선)아이스붐딸기맛1500,1500,2+1
916,흥선)아이스붐레몬맛1500,1500,2+1
917,흥선)아이스붐복숭아맛1500,1500,2+1
918,흥선)아이스붐자몽맛1500,1500,2+1
919,더스윗)포켓몬몬스터볼젤리1000,1000,2+1
920,더스윗)틱톡꼬북알젤리사과160G,4000,2+1
921,더스윗)틱톡꼬북알젤리포도160G,4000,2+1
922,롯데)ABC초코2500,2500,2+1
923,허쉬)밀크초콜릿40G,1600,2+1
924,허쉬)아몬드초콜릿40G,1600,2+1
925,허쉬)쿠키앤초코초콜릿40G,1600,2+1
926,허쉬)쿠키앤크림초콜릿40G,1600,2+1
927,롯데)가나초콜릿마일드1000,1000,2+1
928,롯데)크런키초콜릿1000,1000,2+1
929,롯데)아몬드초코볼2000,2000,2+1
930,롯데)가나초코바땅콩1000,1000,2+1
931,롯데)가나초코바아몬드1000,1000,2+1
932,롯데)메론먹은죠스바젤리1200,1200,2+1
933,롯데)포도먹은구미1200,1200,2+1
934,롯데)말랑카우밀크2500,2500,2+1
935,롯데)스카치세가지2500,2500,2+1
936,구어메이)포켓몬우산별사탕30G,2500,2+1
937,해태)자두젤리64G,1500,2+1
938,해태)자유시간아몬드1000,1000,2+1
939,해태)자유시간크리스피1000,1000,2+1
940,해태)연양갱900,900,2+1
941,해태)연양갱카멜(미숫가루맛)55G,900,2+1
942,심플리쿡)리치떡볶이302G,4300,2+1
943,심플리쿡)매콤로제납작면볶이,4300,2+1
944,구르메)스모크치즈디스크100G,3900,2+1
945,구르메)올리브8포션치즈140G,4200,2+1
946,구르메)크리미8포션치즈140G,4200,2+1
947,빙그레)쥬시쿨금귤감귤250ML,1600,2+1
948,빙그레)쥬시쿨에이드사과250ML,1600,2+1
949,유어스)아카페라라떼380ML,2500,2+1
950,유어스)아카페라바닐라380ML,2500,2+1
951,유어스)아카페라카라멜380ML,2500,2+1
952,빙그레)통모짜스트링치즈18G,1300,2+1
953,빙그레)프로틴스트링치즈20G,1400,2+1
954,유어스)오늘의과일야채ABC190ML,1400,2+1
955,유어스)오늘의과일야채사과190ML,1400,2+1
956,유어스)오늘의과일야채포도190ML,1400,2+1
957,빙그레)따옴ABC220ML,2000,2+1
958,빙그레)따옴사과주스235ML,2000,2+1
959,빙그레)따옴오렌지주스235ML,2000,2+1
960,빙그레)따옴한라봉청귤235ML,2000,2+1
961,빙그레)요플레프로틴맥스210ML,3200,2+1
962,빙그레)프로틴딸기바나나210ML,2900,2+1
963,빙그레)프로틴플레인210ML,2900,2+1
964,빙그레)더단백드링크초코250ML,2500,2+1
965,빙그레)더단백카라멜250ML,2500,2+1
966,빙그레}더단백커피250ML,2500,2+1
967,쿠캣)딸기쏙우유300ML,1500,2+1
968,쿠캣)티라미수쏙우유300ML,1500,2+1
969,빙그레)스페셜티컵마끼아또300ML,2500,2+1
970,빙그레)스페셜티컵바닐라라떼300,2500,2+1
971,빙그레)아카페라마끼아또240ML,1800,2+1
972,빙그레)아카페라바닐라라떼240ML,1800,2+1
973,빙그레)스페셜티에티오피아460ML,2500,2+1
974,빙그레)스페셜티탄자니아460ML,2500,2+1
975,삼립)파스쿠찌돌체라떼300ML,2700,2+1
976,삼립)파스쿠찌모카라떼300ML,2700,2+1
977,삼립)파스쿠찌카페라떼300ML,2700,2+1
978,구르메)하몽슬라이스50G,6500,2+1
979,Y)의성마늘매콤왕교자140G,3900,2+1
980,샤프란)핑크센세이션1L,3900,2+1
981,테크750G,5500,2+1
982,애경)순샘자몽리필1.4L,6900,2+1
983,시니어소프트)연어소시지100G,3300,2+1
984,퍼피아이)애견간식치즈소시지1입,700,2+1
985,더리얼)크리미DOG연어&닭가슴살,3600,2+1
986,더리얼)크리미DOG오리&닭가슴살,3600,2+1
987,알포1.5KG(성견용),13900,2+1
988,네슬레)퓨레키스(참치&참치)4입,3500,2+1
989,네슬레)퓨레키스(치킨&참치)4입,3500,2+1
990,뉴트리스틱)참치&닭가슴살14G*4,3000,2+1
991,뉴트리스틱)참치&연어14G*4,3000,2+1
992,뉴트리스틱)참치14G*4,3000,2+1
993,동원)뉴트리플랜흰살참치와멸치,1800,2+1
994,동원)뉴트리플랜흰살참치와치즈,1800,2+1
995,동원)애묘파우치(참치와연어)80G,1500,2+1
996,유어스)동물농장애묘습식(멸치),1500,2+1
997,유어스)동물농장애묘습식(참치),1500,2+1
998,애견덴탈껌)치카하개(관절)8G,900,2+1
999,뽀빠이비타스틱14G(연어),1500,2+1
1000,뽀빠이비타스틱14G(치킨비프),1500,2+1
1001,동물농장)덴탈조인트껌4P(64G),5500,2+1
1002,그르르)닭가슴살22G(게살맛),1000,2+1
1003,그르르)닭가슴살22G(오리지날),1000,2+1
1004,유어스)그르르냐옹스틱(닭가슴),900,2+1
1005,유어스)그르르냐옹스틱(연어),900,2+1
1006,유어스)그르르냐옹스틱(참치),900,2+1
1007,그르르)고구마오리말이80G,4500,2+1
1008,그르르)고구마치킨말이80G,4500,2+1
1009,그르르)닭가슴살스틱80G,4500,2+1
1010,그르르)오리가슴살스틱80G,4800,2+1
1011,그르르)오리말이우유껌80G,4800,2+1
1012,그르르)치킨말이우유껌80G,4500,2+1
1013,그르르)치킨말이치즈우유껌80G,4500,2+1
1014,그르르)훈제오리슬라이스80G,4800,2+1
1015,동물농장)리얼치즈프로바이오틱,3500,2+1
1016,동물농장)소프트스틱(황태)80G,3500,2+1
1017,동물농장)돼지귀슬라이스35G,4500,2+1
1018,삼립)그릭닭가슴살후랑크70G,2000,2+1
1019,효성)땡초어묵바80G,2500,2+1
1020,효성)치즈어묵바80G,2500,2+1
1021,효성)햄어묵바80G,2500,2+1
1022,대림)타코에꼬치다80G,2500,2+1
1023,대림)한입에꼬치다(매운맛)90G,2500,2+1
1024,대림)한입에꼬치다90G,2500,2+1
1025,유어스(P)뵈르소시지80G,2500,2+1
1026,유어스)닭가슴살후랑크70G,1800,2+1
1027,갓생)구운양파소시지80G,2000,2+1
1028,갓생)허니버터소시지80G,2000,2+1
1029,롯데)에센뽀득프랑크70G(2입),3900,2+1
1030,롯데)에센뽀득프랑크70G,2200,2+1
1031,롯데)키스틱55G,2000,2+1
1032,유어스)강철부대빅팜60G,2000,2+1
1033,대상)닭가슴살한입꼬치(로제)80G,2100,2+1
1034,대상)닭가슴살한입꼬치80G,2100,2+1
1035,CJ)닭가슴살스테이크100G,3900,2+1
1036,갓생기획)닭가슴살큐브톡톡96G,3700,2+1
1037,CJ)닭가슴살소시지(청양)80G,2800,2+1
1038,CJ)닭가슴살소시지80G,2800,2+1
1039,CJ)맥스봉갈릭후랑크80G,2500,2+1
1040,CJ)맥스봉숯불구이맛핫바90G,2500,2+1
1041,CJ)맥스봉청양고추후랑크80G,2500,2+1
1042,CJ)직화구이꼬치바(청양)90G,2500,2+1
1043,CJ)직화구이꼬치바90G,2500,2+1
1044,CJ)맥스봉치즈70G,2400,2+1
1045,CJ)맥스봉소시지150G,3500,2+1
1046,리스테린)그린티250ML,5000,2+1
1047,리스테린)그린티100ML,2100,2+1
1048,리스테린)쿨민트마일드100ML,2100,2+1
1049,리스테린)쿨민트250ML,4300,2+1
1050,리스테린)쿨민트마일드250ML,4300,2+1
1051,리스테린)토탈케어100ML,2200,2+1
1052,가그린)제로380ML,4900,2+1
1053,가그린)라임100ML,1900,2+1
1054,가그린)오리지널100ML,1900,2+1
1055,질레트)스킨텍면도날2입,27000,2+1
1056,질레트)퓨전메뉴얼면도날2입,23200,2+1
1057,크리넥스)KF-AD컴포트핏마스크,1100,2+1
1058,페리오휴대용치약칫솔세트,3500,2+1
1059,페리오)덴탈쿨링마우스스프레이,3500,2+1
1060,좋은느낌)순면라이너18P,4100,2+1
1061,좋은느낌)수퍼롱4P,3800,2+1
1062,좋은느낌)울트라날개중4P,1900,2+1
1063,화이트)수퍼흡수중형4P,1900,2+1
1064,쏘피)트웬티슈퍼롱3P,3400,2+1
1065,쏘피)트웬티대형4P,2400,2+1
1066,쏘피)트웬티중형4P,1900,2+1
1067,쏘피)내몸에순한면라이너28P,4700,2+1
1068,쏘피)순한면슈퍼롱3P,3900,2+1
1069,쏘피)볼록맞춤중형4P,1900,2+1
1070,라엘)유기농순면커버대형12P,8500,2+1
1071,라엘)유기농순면커버중형14P,8500,2+1
1072,투썸)스트로베리초콜릿100ML,4200,2+1
1073,투썸)아이스박스100ML,4200,2+1
1074,투썸)요거트스트로베리100ML,4200,2+1
1075,투썸)스트로베리초콜릿474ML,11300,2+1
1076,투썸)아이스박스474ML,11300,2+1
1077,투썸)요거트스트로베리474ML,11300,2+1
1078,하겐)그린티아몬드바80ML,5900,2+1
1079,하겐)녹차미니컵,5900,2+1
1080,하겐)딸기미니컵,5900,2+1
1081,하겐)마카다미아넛브리틀바,5900,2+1
1082,하겐)바닐라미니컵,5900,2+1
1083,하겐)바닐라카라멜아몬드바80ML,5900,2+1
1084,하겐)벨지안초코미니컵,5900,2+1
1085,하겐)수박&딸기미니컵100ML,5900,2+1
1086,하겐)스트로베리앤크림바,5900,2+1
1087,하겐)초콜릿촉아몬드바80ML,5900,2+1
1088,하겐)쿠키앤크림미니컵100ML,5900,2+1
1089,하겐)쿠키앤크림바,5900,2+1
1090,하겐)트위스트바닐라라즈베리컵,5900,2+1
1091,하겐)트위스트바닐라밀크티바,5900,2+1
1092,하겐)트위스트바닐라밀크티컵,5900,2+1
1093,하겐)트위스트초콜릿딸기바80ML,5900,2+1
1094,나뚜루)녹차미니컵,4800,2+1
1095,나뚜루)녹차바,4800,2+1
1096,나뚜루)딸기미니컵,4800,2+1
1097,나뚜루)딸기바,4800,2+1
1098,나뚜루)바닐라미니컵,4800,2+1
1099,나뚜루)초코미니컵,4800,2+1
1100,나뚜루)피페리타민트초코컵,4800,2+1
1101,일일하우)오트리치250ML,2500,2+1
1102,일일하우)식물성프로틴밀250ML,3000,2+1
1103,LIF)옥수수밀크180ML,1100,2+1
1104,다논)요거톡스타볼133G,1400,2+1
1105,다논)요거톡초코그래놀라130G,1400,2+1
1106,다논)액티비아업딸기210ML,2000,2+1
1107,다논)액티비아업복숭아210ML,2000,2+1
1108,다논)액티비아업플레인210ML,2000,2+1
1109,Y)이디야블렌딩티네이블오렌지,2200,2+1
1110,Y)이디야블렌딩티자스민피치,2200,2+1
1111,이디야)돌체콜드브루300ML,2900,2+1
1112,이디야)바닐라라떼300ML,2900,2+1
1113,이디야)쇼콜라모카300ML,2900,2+1
1114,이디야)카페라떼300ML,2900,2+1
1115,이디야)토피넛시그니처라떼300ML,2900,2+1
1116,맥심)TOP플라워피니시라떼360ML,2500,2+1
1117,맥심)TOP플라워피니시블랙360ML,2500,2+1
1118,맥심)TOP심플리스무스라떼240ML,1900,2+1
1119,맥심TOP)심플리스무스블랙240ML,1900,2+1
1120,맥심)TOP너티카라멜라떼300ML,2400,2+1
1121,맥심)TOP마일드라떼300ML(컵),2400,2+1
1122,맥심)TOP볼드라떼300ML(컵),2400,2+1
1123,맥심)TOP에스프레소라떼300ML,2400,2+1
1124,제니코)스트링치즈24G,1500,2+1
1125,제니코)저지방스트링치즈24G,1500,2+1
1126,덴마크)오리진모카라떼300ML,2900,2+1
1127,덴마크)오리진바닐라라떼300ML,2900,2+1
1128,덴마크)오리진아메리카노300ML,2900,2+1
1129,덴마크)오리진돌체라떼250ML,2400,2+1
1130,덴마크)오리진카페라떼250ML,2400,2+1
1131,덴마크)얼라이브망고250ML,1700,2+1
1132,덴마크)얼라이브머스캣청포도250,1700,2+1
1133,덴마크)얼라이브블러드오렌지250,1700,2+1
1134,덴마크)얼라이브스위티자몽250ML,1700,2+1
1135,덴마크)요구르트딸기275ML,2200,2+1
1136,덴마크)요구르트베리믹스275ML,2200,2+1
1137,덴마크)요구르트복숭아275ML,2200,2+1
1138,덴마크)요구르트사과275ML,2200,2+1
1139,덴마크)요구르트샤인머스캣275ML,2200,2+1
1140,덴마크)요구르트플레인275ML,2200,2+1
1141,유어스(P)카멜크리미모카250ML,2400,2+1
1142,유어스(P)카멜플랫화이트250ML,2400,2+1
1143,유어스(P)슈퍼말차라떼250ML,2500,2+1
1144,유어스(P)버터커피250ML,2500,2+1
1145,유어스)타이거슈가흑당밀크티300,2500,2+1
1146,유어스)타이거슈가흑당카페라떼,2500,2+1
1147,매일)어메이징오트언스위트190ML,1200,2+1
1148,매일)어메이징오트오리지널190ML,1200,2+1
1149,매일)엔요280ML,1700,2+1
1150,유어스)달고나라떼250ML,2000,2+1
1151,매일)상하미니칼슘체다치즈48G,2800,2+1
1152,매일)상하미니크림치즈48G,2800,2+1
1153,유어스)피크닉컵사과190ML,1800,2+1
1154,매일)우유속에프로틴300ML,1650,2+1
1155,투썸)스페니쉬연유라떼250ML,2600,2+1
1156,투썸)카페라떼250ML,2600,2+1
1157,투썸)콜드브루블랙250ML,2600,2+1
1158,델몬트)콜드쥬스오렌지250ML,1400,2+1
1159,델몬트)콜드쥬스포도250ML,1400,2+1
1160,롯데)오가닉레드비트&배&토마토,1400,2+1
1161,롯데)오가닉사과&당근125ML,1400,2+1
1162,롯데)오가닉적포도&보라당근,1400,2+1
1163,칸타타)라떼홀릭바닐라라떼240ML,2200,2+1
1164,칸타타)라떼홀릭카페라떼240ML,2200,2+1
1165,남양)테이크핏맥스고소한맛250ML,2500,2+1
1166,남양)테이크핏맥스초코250ML,2500,2+1
1167,남양)맛있는우유GT딸기300ML,1600,2+1
1168,남양)맛있는우유GT초코300ML,1600,2+1
1169,남양)맛있는우유GT커피300ML,1600,2+1
1170,남양)프렌치몽블랑라떼320ML,2900,2+1
1171,남양)프렌치바닐라라떼320ML,2900,2+1
1172,남양)프렌치슈크림라떼320ML,2900,2+1
1173,남양)프렌치에스프레소320ML,2900,2+1
1174,남양)FC로스터리돌체연유라떼,2400,2+1
1175,남양)FC로스터리블랙글레이즈드,2400,2+1
1176,남양)FC로스터리에스프레소라떼,2400,2+1
1177,남양)FC로스터리카라멜마끼아또,2400,2+1
1178,남양)프렌치카페(카페오레),1900,2+1
1179,남양)프렌치카페(카푸치노),1900,2+1
1180,남양)프렌치카페카라멜마키아또,1900,2+1
1181,파)쾌변(골드키위)150ML,1700,2+1
1182,파)쾌변요구르트(사과)150ML,1700,2+1
1183,하이뮨)프로틴밸런스액티브250ML,2900,2+1
1184,하이뮨)프로틴밸런스액티브초코,2900,2+1
1185,HY)오늘의야채사과당근200ML,2000,2+1
1186,HY)오늘의야채포도비트200ML,2000,2+1
1187,서울)올데이프룻(오렌지)250ML,1500,2+1
1188,서울)올데이프룻(자두)250ML,1500,2+1
1189,서울)강릉커피너티크림라떼250ML,2500,2+1
1190,서울)강릉커피라떼250ML,2500,2+1
1191,서울)아침에주스ABC210ML,1400,2+1
1192,서울)아침에주스오렌지210ML,1400,2+1
1193,서울)과즙이풍부한딸기우유220ML,2000,2+1
1194,서울)딸기우유300ML,1650,2+1
1195,서울)바나나우유300ML,1650,2+1
1196,서울)초코우유300ML,1650,2+1
1197,서울)커피우유300ML,1650,2+1
1198,서울)흰쌀우유300ML,1650,2+1
1199,종가집)맛김치80G,1500,2+1
1200,종가집)맛김치130G,2500,2+1
1201,대상)안주야매운곱창볶음160G,7900,2+1
1202,대상)안주야양념벌집껍데기160G,7900,2+1
1203,대상)안주야육즙팡매콤돼지구이,7900,2+1
1204,오늘의)매콤시즈닝먹태35G,5200,2+1
1205,동원)양반단호박죽285G(냉장),4500,2+1
1206,동원)양반밤단팥죽285G(냉장),4500,2+1
1207,동원)양반쇠고기죽287Ｇ,4500,2+1
1208,동원)양반전복죽287G,4500,2+1
1209,오뚜기)리얼바삭한빅핫도그120G,2800,2+1
1210,오뚜기)딤섬새우슈마이135G,3600,2+1
1211,오뚜기)새우볶음밥230G,4500,2+1
1212,오뚜기)진라면볶음밥230G,4500,2+1
1213,오뚜기)참치김치치즈볶음밥230G,4500,2+1
1214,오뚜기)컵피자콤비네이션150G,4300,2+1
1215,오뚜기)불고기피자UNO180G,6500,2+1
1216,오뚜기)콤비네이션피자UNO195G,6500,2+1
1217,반찬단지)아몬드멸치조림80G,4500,2+1
1218,반찬단지)진미채무침80G,4500,2+1
1219,반찬단지)가리비탕탕이젓80G,2730,2+1
1220,반찬단지)낙지탕탕이젓80G,2730,2+1
1221,반찬단지)오징어탕탕이젓80G,2730,2+1
1222,반찬단지)창난탕탕이젓80G,2730,2+1
1223,대광)땡초매콤직화불닭발200G,8900,2+1
1224,대광)땡초매콤직화불막창180G,8900,2+1
1225,와인숙성훈제삼겹&생와사비236G,8900,2+1
1226,삼립)페스츄리불고기피자,2500,2+1
1227,삼립)페스츄리콤비네이션피자,2500,2+1
1228,삼립)생치즈피자불고기,2700,2+1
1229,삼립)생치즈피자콤비네이션,2700,2+1
1230,칠갑)들깨떡국219G,3900,2+1
1231,칠갑)들깨수제비188G,3900,2+1
1232,킬바사핫도그139G,2200,2+1
1233,마늘닭근위볶음160G,6900,2+1
1234,CJ)고메치킨고추크런치180G,5600,2+1
1235,CJ)스팸김치볶음밥220G,3500,2+1
1236,CJ)비비고수제만두고기200G,4400,2+1
1237,CJ)비비고수제만두김치200G,4400,2+1
1238,CJ)비비고찐만두168G,4400,2+1
1239,CJ)비비고찐만두청양고추168G,4400,2+1
1240,CJ)육즙불고기찐만두168G,4400,2+1
1241,CJ)비비고플랜테이블왕교자420G,6400,2+1
1242,CJ)비비고김치200G,3200,2+1
1243,CJ)비비고김치400G,5900,2+1
1244,CJ)비비고보쌈무김치70G,1900,2+1
1245,쿠캣)납작막창250G,9300,2+1
1246,쿠캣)직화무뼈닭발160G,8900,2+1
1247,쿠캣)매콤크림닭갈비650G,13000,2+1
1248,쿠캣)햄폭탄부대찌개600G,8700,2+1
1249,쿠캣)고파두부220G,6900,2+1
1250,쿠캣)사천고파두부220G,6900,2+1
1251,쿠캣)단짠불고기파니니,4400,2+1
1252,쿠캣)모짜햄치즈파니니,4400,2+1
1253,쿠캣)감자탕볶음밥250G,3300,2+1
1254,쿠캣)야채곱창볶음밥250G,3900,2+1
1255,허쉬)가나슈딸기파인트474ML,10900,2+1
1256,허쉬)가나슈바나나파인트474ML,10900,2+1
1257,허쉬)가나슈초코파인트474ML,10900,2+1
1258,CJ행복한콩)땅콩순두부콘185ML,2500,2+1
1259,노티드)딸기앤바나나소프트콘,2500,2+1
1260,노티드)딸기앤초코소프트콘185ML,2500,2+1
1261,라베스트)그릭요거콘160ML,2500,2+1
1262,라베스트)리치치즈케이크콘,2500,2+1
1263,라베스트)민트초코콘,2500,2+1
1264,롯데푸드)라베스트커피플로트콘,2500,2+1
1265,올드페리)보스톤크림바90ML,2500,2+1
1266,허쉬)녹차초코바90ML,2500,2+1
1267,허쉬)초코바,2500,2+1
1268,허쉬)초코앤쿠키콘,2500,2+1
1269,허쉬)쿠키앤크림바,2500,2+1
1270,허쉬)토피넛초코바,2500,2+1
1271,힛더티)슈퍼말차초코콘150ML,2500,2+1
1272,빙)끌레도르쿠키앤크림바90ML,2200,2+1
1273,빙그레)끌레도르쿠키앤초코90ML,2200,2+1
1274,곰표)크림치즈바80ML,2000,2+1
1275,롯데)말랑한찰떡아이스,2000,2+1
1276,롯데)본가찰옥수수140ML,2000,2+1
1277,롯데푸드)국화빵150ML,2000,2+1
1278,롯데푸드)빵빠레초코175ML,2000,2+1
1279,짱구)흰둥이연유콘150ML,2000,2+1
1280,서주푸드)롤링바90ML,1500,2+1
1281,서주푸드)롤링바망고90ML,1500,2+1
1282,쿠캣)딸기쏙찹쌀떡바80ML,1500,2+1
1283,해태)탱크보이120ML,1500,2+1
1284,해태)폴라포포도120ML,1500,2+1
1285,라벨리)아임파인80ML,1200,2+1
1286,서주)소금담은바75ML,1200,2+1
1287,서주)탱글탱글바리치맛70ML,1200,2+1
1288,해태)누가바,1200,2+1
1289,니베아)인텐시브바디로션125ML,5500,2+1
1290,니베아)립케어모이스춰,4100,2+1
1291,니베아)립케어스트로베리,4100,2+1
1292,니베아)립케어체리,4100,2+1
1293,CC)남성골지직각양말(검정),4300,2+1
1294,ZK)남성스니커즈2매(믹스),5900,2+1
1295,아비노)데일리로션71ML,7400,2+1
1296,존슨즈)베이비오일125ML,6000,2+1
1297,존슨즈)화이트후레쉬로션100ML,6000,2+1
1298,뉴트로지나데일리립밤,5100,2+1
1299,뉴트로지나)딥클린포밍클렌저50G,5000,2+1
1300,뉴트로지나)딥클린포밍클렌100G,8900,2+1
1301,비페스타)휴대용클렌징워터60ML,3800,2+1
1302,갸스비)그란지매트왁스15G,4400,2+1
1303,갸스비)스파이키왁스80G,9800,2+1
1304,갸스비)매트&하드스프레이200ML,9000,2+1
1305,갸스비)셋앤킵스프레이67ML,4400,2+1
1306,블리스텍스)바이브런스립밤,5500,2+1
